{
	"releaseDate" : "2020-03-25_18-00",
	"previousReleaseDate" : "2019-08-04_18-00",
	"previousReleaseLink" : "https://raw.githubusercontent.com/DSATool/DicePlugin/master/release/Dice_2019-08-04_18-00.zip",
	"updateInfo" : "https://raw.githubusercontent.com/DSATool/DicePlugin/master/release/update-info.json",
	"signatureProviderName" : "SunEC",
	"signatureKeyAlgorithm" : "EC",
	"signatureAlgorithm" : "SHA512withECDSA",
	"signatureKey" : "MFkwEwYHKoZIzj0CAQYIKoZIzj0DAQcDQgAEioN0JbnhvA+pNE3rz3iI87BNAD9raBCHCcxryp4ZCutlnsEQAAkRCz4381F+mSHYLent9OQ1Su1szlXy5Fr26A=="
}